[
  {
    "id" : "ee-observation-code-system",
    "type" : "CodeSystem",
    "url" : "https://fhir.ee/tools/CodeSystem/ee-observation-code-system",
    "version" : "0.1.0",
    "name" : "EEObservationCodeSystem"
  },
  {
    "id" : "ig-ee-starter",
    "type" : "ImplementationGuide",
    "url" : "https://fhir.ee/tools/ImplementationGuide/ig-ee-starter",
    "version" : "0.1.0",
    "name" : "EETEHIKIGStarter"
  },
  {
    "id" : "ee-body-position-extension",
    "type" : "StructureDefinition",
    "url" : "https://fhir.ee/tools/StructureDefinition/ee-body-position-extension",
    "version" : "0.1.0",
    "name" : "EEBodyPositionExtension"
  },
  {
    "id" : "ee-clinical-observation",
    "type" : "StructureDefinition",
    "url" : "https://fhir.ee/tools/StructureDefinition/ee-clinical-observation",
    "version" : "0.1.0",
    "name" : "EEClinicalObservation"
  },
  {
    "id" : "ee-body-position-vs",
    "type" : "ValueSet",
    "url" : "https://fhir.ee/tools/ValueSet/ee-body-position-vs",
    "version" : "0.1.0",
    "name" : "EEBodyPositionVS"
  },
  {
    "id" : "ee-observation-code-vs",
    "type" : "ValueSet",
    "url" : "https://fhir.ee/tools/ValueSet/ee-observation-code-vs",
    "version" : "0.1.0",
    "name" : "EEObservationCodeVS"
  }
]
