{
  "resourceType" : "Observation",
  "id" : "EEClinicalObservationExample",
  "meta" : {
    "profile" : ["https://fhir.ee/tools/StructureDefinition/ee-clinical-observation"]
  },
  "text" : {
    "status" : "extensions",
    "div" : "<div xmlns=\"http://www.w3.org/1999/xhtml\"><p class=\"res-header-id\"><b>Generated Narrative: Observation EEClinicalObservationExample</b></p><a name=\"EEClinicalObservationExample\"> </a><a name=\"hcEEClinicalObservationExample\"> </a><a name=\"EEClinicalObservationExample-en-US\"> </a><div style=\"display: inline-block; background-color: #d9e0e7; padding: 6px; margin: 4px; border: 1px solid #8da1b4; border-radius: 5px; line-height: 60%\"><p style=\"margin-bottom: 0px\"/><p style=\"margin-bottom: 0px\">Profile: <a href=\"StructureDefinition-ee-clinical-observation.html\">Clinical Observation</a></p></div><p><b>Body Position During Measurement</b>: <span title=\"Codes:{http://snomed.info/sct 33586001}\">Sitting position</span></p><p><b>status</b>: Final</p><p><b>category</b>: <span title=\"Codes:{http://terminology.hl7.org/CodeSystem/observation-category vital-signs}\">Vital Signs</span></p><p><b>code</b>: <span title=\"Codes:{https://fhir.ee/tools/CodeSystem/ee-observation-code-system temperature}\">Body Temperature</span></p><p><b>subject</b>: <a href=\"Patient-example.html\">John Doe  Male, DoB: 1980-01-01</a></p><p><b>effective</b>: 2025-05-01 14:30:00+0000</p><p><b>value</b>: 37.5 °C<span style=\"background: LightGoldenRodYellow\"> (Details: UCUM  codeCel = 'Cel')</span></p></div>"
  },
  "extension" : [{
    "url" : "https://fhir.ee/tools/StructureDefinition/ee-body-position-extension",
    "valueCodeableConcept" : {
      "coding" : [{
        "system" : "http://snomed.info/sct",
        "code" : "33586001",
        "display" : "Sitting position"
      }]
    }
  }],
  "status" : "final",
  "category" : [{
    "coding" : [{
      "system" : "http://terminology.hl7.org/CodeSystem/observation-category",
      "code" : "vital-signs"
    }]
  }],
  "code" : {
    "coding" : [{
      "system" : "https://fhir.ee/tools/CodeSystem/ee-observation-code-system",
      "code" : "temperature",
      "display" : "Body Temperature"
    }]
  },
  "subject" : {
    "reference" : "Patient/example"
  },
  "effectiveDateTime" : "2025-05-01T14:30:00Z",
  "valueQuantity" : {
    "value" : 37.5,
    "unit" : "°C",
    "system" : "http://unitsofmeasure.org",
    "code" : "Cel"
  }
}