{
  "resourceType" : "Patient",
  "id" : "example",
  "text" : {
    "status" : "generated",
    "div" : "<div xmlns=\"http://www.w3.org/1999/xhtml\"><p class=\"res-header-id\"><b>Generated Narrative: Patient example</b></p><a name=\"example\"> </a><a name=\"hcexample\"> </a><a name=\"example-en-US\"> </a><p style=\"border: 1px #661aff solid; background-color: #e6e6ff; padding: 10px;\">John Doe  Male, DoB: 1980-01-01</p><hr/></div>"
  },
  "name" : [{
    "family" : "Doe",
    "given" : ["John"]
  }],
  "gender" : "male",
  "birthDate" : "1980-01-01"
}